Direction,Year,Date,Weekday,Current_Match,Country,Commodity,Transport_Mode,Measure,Value,Cumulative
Exports,2015,31/01/2015,Saturday,01/02/2020,All,All,All,$,257000000,257000000
Exports,2015,01/02/2015,Sunday,02/02/2020,All,All,All,$,123000000,380000000
Exports,2015,02/02/2015,Monday,03/02/2020,All,All,All,$,176000000,556000000
Exports,2015,03/02/2015,Tuesday,04/02/2020,All,All,All,$,115000000,671000000
Exports,2015,04/02/2015,Wednesday,05/02/2020,All,All,All,$,74000000,746000000
Exports,2015,05/02/2015,Thursday,06/02/2020,All,All,All,$,119000000,864000000
Exports,2015,06/02/2015,Friday,07/02/2020,All,All,All,$,127000000,992000000
Exports,2015,07/02/2015,Saturday,08/02/2020,All,All,All,$,206000000,1198000000
Exports,2015,08/02/2015,Sunday,09/02/2020,All,All,All,$,114000000,1312000000
Exports,2015,09/02/2015,Monday,10/02/2020,All,All,All,$,202000000,1513000000
Exports,2015,10/02/2015,Tuesday,11/02/2020,All,All,All,$,88000000,1601000000
Exports,2015,11/02/2015,Wednesday,12/02/2020,All,All,All,$,67000000,1669000000
Exports,2015,12/02/2015,Thursday,13/02/2020,All,All,All,$,132000000,1801000000
Exports,2015,13/02/2015,Friday,14/02/2020,All,All,All,$,143000000,1944000000
Exports,2015,14/02/2015,Saturday,15/02/2020,All,All,All,$,146000000,2090000000
Exports,2015,15/02/2015,Sunday,16/02/2020,All,All,All,$,111000000,2201000000
Exports,2015,16/02/2015,Monday,17/02/2020,All,All,All,$,226000000,2427000000
Exports,2015,17/02/2015,Tuesday,18/02/2020,All,All,All,$,171000000,2599000000
Exports,2015,18/02/2015,Wednesday,19/02/2020,All,All,All,$,120000000,2718000000
Exports,2015,19/02/2015,Thursday,20/02/2020,All,All,All,$,157000000,2875000000
Exports,2015,20/02/2015,Friday,21/02/2020,All,All,All,$,157000000,3032000000
Exports,2015,21/02/2015,Saturday,22/02/2020,All,All,All,$,184000000,3216000000
Exports,2015,22/02/2015,Sunday,23/02/2020,All,All,All,$,135000000,3352000000
Exports,2015,23/02/2015,Monday,24/02/2020,All,All,All,$,185000000,3536000000
Exports,2015,24/02/2015,Tuesday,25/02/2020,All,All,All,$,94000000,3630000000
Exports,2015,25/02/2015,Wednesday,26/02/2020,All,All,All,$,113000000,3743000000
Exports,2015,26/02/2015,Thursday,27/02/2020,All,All,All,$,130000000,3873000000
Exports,2015,27/02/2015,Friday,28/02/2020,All,All,All,$,127000000,4000000000
Exports,2015,28/02/2015,Saturday,29/02/2020,All,All,All,$,145000000,4145000000
Exports,2015,01/03/2015,Sunday,01/03/2020,All,All,All,$,386000000,4531000000
Exports,2015,02/03/2015,Monday,02/03/2020,All,All,All,$,219000000,4750000000
Exports,2015,03/03/2015,Tuesday,03/03/2020,All,All,All,$,163000000,4913000000
Exports,2015,04/03/2015,Wednesday,04/03/2020,All,All,All,$,125000000,5039000000
Exports,2015,05/03/2015,Thursday,05/03/2020,All,All,All,$,158000000,5197000000
Exports,2015,06/03/2015,Friday,06/03/2020,All,All,All,$,153000000,5350000000
Exports,2015,07/03/2015,Saturday,07/03/2020,All,All,All,$,174000000,5525000000
Exports,2015,08/03/2015,Sunday,08/03/2020,All,All,All,$,112000000,5637000000
Exports,2015,09/03/2015,Monday,09/03/2020,All,All,All,$,209000000,5846000000
Exports,2015,10/03/2015,Tuesday,10/03/2020,All,All,All,$,118000000,5964000000
Exports,2015,11/03/2015,Wednesday,11/03/2020,All,All,All,$,85000000,6049000000
Exports,2015,12/03/2015,Thursday,12/03/2020,All,All,All,$,160000000,6209000000
Exports,2015,13/03/2015,Friday,13/03/2020,All,All,All,$,130000000,6339000000
Exports,2015,14/03/2015,Saturday,14/03/2020,All,All,All,$,100000000,6439000000
Exports,2015,15/03/2015,Sunday,15/03/2020,All,All,All,$,133000000,6573000000
Exports,2015,16/03/2015,Monday,16/03/2020,All,All,All,$,213000000,6786000000
Exports,2015,17/03/2015,Tuesday,17/03/2020,All,All,All,$,109000000,6895000000
Exports,2015,18/03/2015,Wednesday,18/03/2020,All,All,All,$,116000000,7011000000
Exports,2015,19/03/2015,Thursday,19/03/2020,All,All,All,$,164000000,7175000000
Exports,2015,20/03/2015,Friday,20/03/2020,All,All,All,$,131000000,7306000000
Exports,2015,21/03/2015,Saturday,21/03/2020,All,All,All,$,197000000,7503000000
Exports,2015,22/03/2015,Sunday,22/03/2020,All,All,All,$,146000000,7649000000
Exports,2015,23/03/2015,Monday,23/03/2020,All,All,All,$,175000000,7824000000
Exports,2015,24/03/2015,Tuesday,24/03/2020,All,All,All,$,130000000,7954000000
Exports,2015,25/03/2015,Wednesday,25/03/2020,All,All,All,$,74000000,8028000000
Exports,2015,26/03/2015,Thursday,26/03/2020,All,All,All,$,219000000,8247000000
Exports,2015,27/03/2015,Friday,27/03/2020,All,All,All,$,117000000,8364000000
Exports,2015,28/03/2015,Saturday,28/03/2020,All,All,All,$,165000000,8529000000
Exports,2015,29/03/2015,Sunday,29/03/2020,All,All,All,$,140000000,8669000000
Exports,2015,30/03/2015,Monday,30/03/2020,All,All,All,$,220000000,8888000000
Exports,2015,31/03/2015,Tuesday,31/03/2020,All,All,All,$,161000000,9049000000
Exports,2015,01/04/2015,Wednesday,01/04/2020,All,All,All,$,82000000,9131000000
Exports,2015,02/04/2015,Thursday,02/04/2020,All,All,All,$,137000000,9269000000
Exports,2015,03/04/2015,Friday,03/04/2020,All,All,All,$,158000000,9427000000
Exports,2015,04/04/2015,Saturday,04/04/2020,All,All,All,$,192000000,9618000000
Exports,2015,05/04/2015,Sunday,05/04/2020,All,All,All,$,153000000,9771000000
Exports,2015,06/04/2015,Monday,06/04/2020,All,All,All,$,206000000,9978000000
Exports,2015,07/04/2015,Tuesday,07/04/2020,All,All,All,$,108000000,10086000000
Exports,2015,08/04/2015,Wednesday,08/04/2020,All,All,All,$,81000000,10167000000
Exports,2015,09/04/2015,Thursday,09/04/2020,All,All,All,$,121000000,10288000000
Exports,2015,10/04/2015,Friday,10/04/2020,All,All,All,$,126000000,10414000000
Exports,2015,11/04/2015,Saturday,11/04/2020,All,All,All,$,175000000,10588000000
Exports,2015,12/04/2015,Sunday,12/04/2020,All,All,All,$,115000000,10704000000
Exports,2015,13/04/2015,Monday,13/04/2020,All,All,All,$,203000000,10907000000
Exports,2015,14/04/2015,Tuesday,14/04/2020,All,All,All,$,73000000,10980000000
Exports,2015,15/04/2015,Wednesday,15/04/2020,All,All,All,$,91000000,11072000000
Exports,2015,16/04/2015,Thursday,16/04/2020,All,All,All,$,179000000,11250000000
Exports,2015,17/04/2015,Friday,17/04/2020,All,All,All,$,122000000,11372000000
Exports,2015,18/04/2015,Saturday,18/04/2020,All,All,All,$,100000000,11472000000
Exports,2015,19/04/2015,Sunday,19/04/2020,All,All,All,$,146000000,11617000000
Exports,2015,20/04/2015,Monday,20/04/2020,All,All,All,$,184000000,11801000000
Exports,2015,21/04/2015,Tuesday,21/04/2020,All,All,All,$,171000000,11972000000
Exports,2015,22/04/2015,Wednesday,22/04/2020,All,All,All,$,119000000,12091000000
Exports,2015,23/04/2015,Thursday,23/04/2020,All,All,All,$,123000000,12214000000
Exports,2015,24/04/2015,Friday,24/04/2020,All,All,All,$,154000000,12368000000
Exports,2015,25/04/2015,Saturday,25/04/2020,All,All,All,$,195000000,12562000000
Exports,2015,26/04/2015,Sunday,26/04/2020,All,All,All,$,136000000,12699000000
Exports,2015,27/04/2015,Monday,27/04/2020,All,All,All,$,189000000,12888000000
Exports,2015,28/04/2015,Tuesday,28/04/2020,All,All,All,$,78000000,12965000000
Exports,2015,29/04/2015,Wednesday,29/04/2020,All,All,All,$,80000000,13045000000
Exports,2015,30/04/2015,Thursday,30/04/2020,All,All,All,$,139000000,13183000000
Exports,2015,01/05/2015,Friday,01/05/2020,All,All,All,$,121000000,13305000000
Exports,2015,02/05/2015,Saturday,02/05/2020,All,All,All,$,187000000,13492000000
Exports,2015,03/05/2015,Sunday,03/05/2020,All,All,All,$,165000000,13657000000
Exports,2015,04/05/2015,Monday,04/05/2020,All,All,All,$,152000000,13809000000
Exports,2015,05/05/2015,Tuesday,05/05/2020,All,All,All,$,111000000,13920000000
Exports,2015,06/05/2015,Wednesday,06/05/2020,All,All,All,$,81000000,14001000000
Exports,2015,07/05/2015,Thursday,07/05/2020,All,All,All,$,98000000,14098000000
Exports,2015,08/05/2015,Friday,08/05/2020,All,All,All,$,199000000,14297000000
Exports,2015,09/05/2015,Saturday,09/05/2020,All,All,All,$,101000000,14398000000
Exports,2015,10/05/2015,Sunday,10/05/2020,All,All,All,$,157000000,14555000000
Exports,2015,11/05/2015,Monday,11/05/2020,All,All,All,$,130000000,14684000000
Exports,2015,12/05/2015,Tuesday,12/05/2020,All,All,All,$,119000000,14803000000
Exports,2015,13/05/2015,Wednesday,13/05/2020,All,All,All,$,75000000,14878000000
Exports,2015,14/05/2015,Thursday,14/05/2020,All,All,All,$,166000000,15044000000
Exports,2015,15/05/2015,Friday,15/05/2020,All,All,All,$,191000000,15235000000
Exports,2015,16/05/2015,Saturday,16/05/2020,All,All,All,$,182000000,15417000000
Exports,2015,17/05/2015,Sunday,17/05/2020,All,All,All,$,124000000,15541000000
Exports,2015,18/05/2015,Monday,18/05/2020,All,All,All,$,180000000,15721000000
Exports,2015,19/05/2015,Tuesday,19/05/2020,All,All,All,$,91000000,15812000000
Exports,2015,20/05/2015,Wednesday,20/05/2020,All,All,All,$,111000000,15923000000
Exports,2015,21/05/2015,Thursday,21/05/2020,All,All,All,$,137000000,16060000000
Exports,2015,22/05/2015,Friday,22/05/2020,All,All,All,$,200000000,16260000000
Exports,2015,23/05/2015,Saturday,23/05/2020,All,All,All,$,97000000,16357000000
Exports,2015,24/05/2015,Sunday,24/05/2020,All,All,All,$,157000000,16514000000
Exports,2015,25/05/2015,Monday,25/05/2020,All,All,All,$,146000000,16660000000
Exports,2015,26/05/2015,Tuesday,26/05/2020,All,All,All,$,124000000,16784000000
Exports,2015,27/05/2015,Wednesday,27/05/2020,All,All,All,$,76000000,16860000000
Exports,2015,28/05/2015,Thursday,28/05/2020,All,All,All,$,136000000,16996000000
Exports,2015,29/05/2015,Friday,29/05/2020,All,All,All,$,158000000,17154000000
Exports,2015,30/05/2015,Saturday,30/05/2020,All,All,All,$,197000000,17351000000
Exports,2015,31/05/2015,Sunday,31/05/2020,All,All,All,$,186000000,17538000000
Exports,2015,01/06/2015,Monday,01/06/2020,All,All,All,$,164000000,17701000000
Exports,2015,02/06/2015,Tuesday,02/06/2020,All,All,All,$,128000000,17830000000
Exports,2015,03/06/2015,Wednesday,03/06/2020,All,All,All,$,61000000,17890000000
Exports,2015,04/06/2015,Thursday,04/06/2020,All,All,All,$,114000000,18005000000
Exports,2015,05/06/2015,Friday,05/06/2020,All,All,All,$,168000000,18173000000
Exports,2015,06/06/2015,Saturday,06/06/2020,All,All,All,$,83000000,18255000000
Exports,2015,07/06/2015,Sunday,07/06/2020,All,All,All,$,161000000,18416000000
Exports,2015,08/06/2015,Monday,08/06/2020,All,All,All,$,188000000,18604000000
Exports,2015,09/06/2015,Tuesday,09/06/2020,All,All,All,$,93000000,18698000000
Exports,2015,10/06/2015,Wednesday,10/06/2020,All,All,All,$,70000000,18768000000
Exports,2015,11/06/2015,Thursday,11/06/2020,All,All,All,$,162000000,18930000000
Exports,2015,12/06/2015,Friday,12/06/2020,All,All,All,$,119000000,19049000000
Exports,2015,13/06/2015,Saturday,13/06/2020,All,All,All,$,109000000,19158000000
Exports,2015,14/06/2015,Sunday,14/06/2020,All,All,All,$,108000000,19266000000
Exports,2015,15/06/2015,Monday,15/06/2020,All,All,All,$,217000000,19482000000
Exports,2015,16/06/2015,Tuesday,16/06/2020,All,All,All,$,104000000,19587000000
Exports,2015,17/06/2015,Wednesday,17/06/2020,All,All,All,$,173000000,19759000000
Exports,2015,18/06/2015,Thursday,18/06/2020,All,All,All,$,144000000,19903000000
Exports,2015,19/06/2015,Friday,19/06/2020,All,All,All,$,209000000,20112000000
Exports,2015,20/06/2015,Saturday,20/06/2020,All,All,All,$,102000000,20214000000
Exports,2015,21/06/2015,Sunday,21/06/2020,All,All,All,$,174000000,20388000000
Exports,2015,22/06/2015,Monday,22/06/2020,All,All,All,$,219000000,20607000000
Exports,2015,23/06/2015,Tuesday,23/06/2020,All,All,All,$,103000000,20710000000
Exports,2015,24/06/2015,Wednesday,24/06/2020,All,All,All,$,79000000,20789000000
Exports,2015,25/06/2015,Thursday,25/06/2020,All,All,All,$,145000000,20934000000
Exports,2015,26/06/2015,Friday,26/06/2020,All,All,All,$,144000000,21078000000
Exports,2015,27/06/2015,Saturday,27/06/2020,All,All,All,$,93000000,21171000000
Exports,2015,28/06/2015,Sunday,28/06/2020,All,All,All,$,110000000,21281000000
Exports,2015,29/06/2015,Monday,29/06/2020,All,All,All,$,249000000,21531000000
Exports,2015,30/06/2015,Tuesday,30/06/2020,All,All,All,$,155000000,21686000000
Exports,2015,01/07/2015,Wednesday,01/07/2020,All,All,All,$,82000000,21767000000
Exports,2015,02/07/2015,Thursday,02/07/2020,All,All,All,$,109000000,21876000000
Exports,2015,03/07/2015,Friday,03/07/2020,All,All,All,$,139000000,22016000000
Exports,2015,04/07/2015,Saturday,04/07/2020,All,All,All,$,117000000,22133000000
Exports,2015,05/07/2015,Sunday,05/07/2020,All,All,All,$,113000000,22246000000
Exports,2015,06/07/2015,Monday,06/07/2020,All,All,All,$,184000000,22430000000
Exports,2015,07/07/2015,Tuesday,07/07/2020,All,All,All,$,86000000,22516000000
Exports,2015,08/07/2015,Wednesday,08/07/2020,All,All,All,$,149000000,22665000000
Exports,2015,09/07/2015,Thursday,09/07/2020,All,All,All,$,146000000,22812000000
Exports,2015,10/07/2015,Friday,10/07/2020,All,All,All,$,164000000,22975000000
Exports,2015,11/07/2015,Saturday,11/07/2020,All,All,All,$,133000000,23108000000
Exports,2015,12/07/2015,Sunday,12/07/2020,All,All,All,$,96000000,23204000000
Exports,2015,13/07/2015,Monday,13/07/2020,All,All,All,$,246000000,23450000000
Exports,2015,14/07/2015,Tuesday,14/07/2020,All,All,All,$,113000000,23563000000
Exports,2015,15/07/2015,Wednesday,15/07/2020,All,All,All,$,63000000,23626000000
Exports,2015,16/07/2015,Thursday,16/07/2020,All,All,All,$,127000000,23752000000
Exports,2015,17/07/2015,Friday,17/07/2020,All,All,All,$,136000000,23888000000
Exports,2015,18/07/2015,Saturday,18/07/2020,All,All,All,$,147000000,24035000000
Exports,2015,19/07/2015,Sunday,19/07/2020,All,All,All,$,118000000,24153000000
Exports,2015,20/07/2015,Monday,20/07/2020,All,All,All,$,222000000,24375000000
Exports,2015,21/07/2015,Tuesday,21/07/2020,All,All,All,$,98000000,24473000000
Exports,2015,22/07/2015,Wednesday,22/07/2020,All,All,All,$,134000000,24607000000
Exports,2015,23/07/2015,Thursday,23/07/2020,All,All,All,$,128000000,24735000000
Exports,2015,24/07/2015,Friday,24/07/2020,All,All,All,$,161000000,24896000000
Exports,2015,25/07/2015,Saturday,25/07/2020,All,All,All,$,102000000,24998000000
Exports,2015,26/07/2015,Sunday,26/07/2020,All,All,All,$,109000000,25107000000
Exports,2015,27/07/2015,Monday,27/07/2020,All,All,All,$,211000000,25318000000
Exports,2015,28/07/2015,Tuesday,28/07/2020,All,All,All,$,98000000,25416000000
Exports,2015,29/07/2015,Wednesday,29/07/2020,All,All,All,$,85000000,25501000000
Exports,2015,30/07/2015,Thursday,30/07/2020,All,All,All,$,173000000,25674000000
Exports,2015,31/07/2015,Friday,31/07/2020,All,All,All,$,180000000,25854000000
Exports,2015,01/08/2015,Saturday,01/08/2020,All,All,All,$,128000000,25982000000
Exports,2015,02/08/2015,Sunday,02/08/2020,All,All,All,$,94000000,26076000000
Exports,2015,03/08/2015,Monday,03/08/2020,All,All,All,$,203000000,26278000000
Exports,2015,04/08/2015,Tuesday,04/08/2020,All,All,All,$,118000000,26396000000
Exports,2015,05/08/2015,Wednesday,05/08/2020,All,All,All,$,69000000,26465000000
Exports,2015,06/08/2015,Thursday,06/08/2020,All,All,All,$,113000000,26578000000
Exports,2015,07/08/2015,Friday,07/08/2020,All,All,All,$,140000000,26718000000
Exports,2015,08/08/2015,Saturday,08/08/2020,All,All,All,$,79000000,26797000000
Exports,2015,09/08/2015,Sunday,09/08/2020,All,All,All,$,123000000,26919000000
Exports,2015,10/08/2015,Monday,10/08/2020,All,All,All,$,174000000,27093000000
Exports,2015,11/08/2015,Tuesday,11/08/2020,All,All,All,$,113000000,27206000000
Exports,2015,12/08/2015,Wednesday,12/08/2020,All,All,All,$,87000000,27293000000
Exports,2015,13/08/2015,Thursday,13/08/2020,All,All,All,$,104000000,27397000000
Exports,2015,14/08/2015,Friday,14/08/2020,All,All,All,$,147000000,27544000000
Exports,2015,15/08/2015,Saturday,15/08/2020,All,All,All,$,71000000,27614000000
Exports,2015,16/08/2015,Sunday,16/08/2020,All,All,All,$,85000000,27700000000
Exports,2015,17/08/2015,Monday,17/08/2020,All,All,All,$,171000000,27871000000
Exports,2015,18/08/2015,Tuesday,18/08/2020,All,All,All,$,81000000,27952000000
Exports,2015,19/08/2015,Wednesday,19/08/2020,All,All,All,$,132000000,28084000000
Exports,2015,20/08/2015,Thursday,20/08/2020,All,All,All,$,127000000,28211000000
Exports,2015,21/08/2015,Friday,21/08/2020,All,All,All,$,122000000,28333000000
Exports,2015,22/08/2015,Saturday,22/08/2020,All,All,All,$,81000000,28414000000
Exports,2015,23/08/2015,Sunday,23/08/2020,All,All,All,$,147000000,28561000000
Exports,2015,24/08/2015,Monday,24/08/2020,All,All,All,$,173000000,28734000000
Exports,2015,25/08/2015,Tuesday,25/08/2020,All,All,All,$,58000000,28793000000
Exports,2015,26/08/2015,Wednesday,26/08/2020,All,All,All,$,64000000,28857000000
Exports,2015,27/08/2015,Thursday,27/08/2020,All,All,All,$,142000000,28999000000
Exports,2015,28/08/2015,Friday,28/08/2020,All,All,All,$,130000000,29129000000
Exports,2015,29/08/2015,Saturday,29/08/2020,All,All,All,$,110000000,29239000000
Exports,2015,30/08/2015,Sunday,30/08/2020,All,All,All,$,124000000,29363000000
Exports,2015,31/08/2015,Monday,31/08/2020,All,All,All,$,201000000,29565000000
Exports,2015,01/09/2015,Tuesday,01/09/2020,All,All,All,$,105000000,29669000000
Exports,2015,02/09/2015,Wednesday,02/09/2020,All,All,All,$,92000000,29761000000
Exports,2015,03/09/2015,Thursday,03/09/2020,All,All,All,$,156000000,29918000000
Exports,2015,04/09/2015,Friday,04/09/2020,All,All,All,$,95000000,30013000000
Exports,2015,05/09/2015,Saturday,05/09/2020,All,All,All,$,90000000,30103000000
Exports,2015,06/09/2015,Sunday,06/09/2020,All,All,All,$,107000000,30211000000
Exports,2015,07/09/2015,Monday,07/09/2020,All,All,All,$,163000000,30374000000
Exports,2015,08/09/2015,Tuesday,08/09/2020,All,All,All,$,92000000,30466000000
Exports,2015,09/09/2015,Wednesday,09/09/2020,All,All,All,$,74000000,30540000000
Exports,2015,10/09/2015,Thursday,10/09/2020,All,All,All,$,127000000,30667000000
Exports,2015,11/09/2015,Friday,11/09/2020,All,All,All,$,112000000,30779000000
Exports,2015,12/09/2015,Saturday,12/09/2020,All,All,All,$,100000000,30879000000
Exports,2015,13/09/2015,Sunday,13/09/2020,All,All,All,$,111000000,30990000000
Exports,2015,14/09/2015,Monday,14/09/2020,All,All,All,$,185000000,31176000000
Exports,2015,15/09/2015,Tuesday,15/09/2020,All,All,All,$,110000000,31285000000
Exports,2015,16/09/2015,Wednesday,16/09/2020,All,All,All,$,107000000,31392000000
Exports,2015,17/09/2015,Thursday,17/09/2020,All,All,All,$,148000000,31540000000
Exports,2015,18/09/2015,Friday,18/09/2020,All,All,All,$,190000000,31730000000
Exports,2015,19/09/2015,Saturday,19/09/2020,All,All,All,$,124000000,31854000000
Exports,2015,20/09/2015,Sunday,20/09/2020,All,All,All,$,81000000,31935000000
Exports,2015,21/09/2015,Monday,21/09/2020,All,All,All,$,177000000,32112000000
Exports,2015,22/09/2015,Tuesday,22/09/2020,All,All,All,$,112000000,32224000000
Exports,2015,23/09/2015,Wednesday,23/09/2020,All,All,All,$,74000000,32298000000
Exports,2015,24/09/2015,Thursday,24/09/2020,All,All,All,$,136000000,32434000000
Exports,2015,25/09/2015,Friday,25/09/2020,All,All,All,$,136000000,32570000000
Exports,2015,26/09/2015,Saturday,26/09/2020,All,All,All,$,132000000,32702000000
Exports,2015,27/09/2015,Sunday,27/09/2020,All,All,All,$,120000000,32822000000
Exports,2015,28/09/2015,Monday,28/09/2020,All,All,All,$,185000000,33007000000
Exports,2015,29/09/2015,Tuesday,29/09/2020,All,All,All,$,108000000,33114000000
Exports,2015,30/09/2015,Wednesday,30/09/2020,All,All,All,$,127000000,33241000000
Exports,2015,01/10/2015,Thursday,01/10/2020,All,All,All,$,161000000,33402000000
Exports,2015,02/10/2015,Friday,02/10/2020,All,All,All,$,129000000,33531000000
Exports,2015,03/10/2015,Saturday,03/10/2020,All,All,All,$,89000000,33620000000
Exports,2015,04/10/2015,Sunday,04/10/2020,All,All,All,$,100000000,33720000000
Exports,2015,05/10/2015,Monday,05/10/2020,All,All,All,$,168000000,33888000000
Exports,2015,06/10/2015,Tuesday,06/10/2020,All,All,All,$,90000000,33978000000
Exports,2015,07/10/2015,Wednesday,07/10/2020,All,All,All,$,87000000,34065000000
Exports,2015,08/10/2015,Thursday,08/10/2020,All,All,All,$,113000000,34178000000
Exports,2015,09/10/2015,Friday,09/10/2020,All,All,All,$,135000000,34313000000
Exports,2015,10/10/2015,Saturday,10/10/2020,All,All,All,$,112000000,34425000000
Exports,2015,11/10/2015,Sunday,11/10/2020,All,All,All,$,86000000,34511000000
Exports,2015,12/10/2015,Monday,12/10/2020,All,All,All,$,178000000,34689000000
Exports,2015,13/10/2015,Tuesday,13/10/2020,All,All,All,$,131000000,34820000000
Exports,2015,14/10/2015,Wednesday,14/10/2020,All,All,All,$,73000000,34893000000
Exports,2015,15/10/2015,Thursday,15/10/2020,All,All,All,$,122000000,35015000000
Exports,2015,16/10/2015,Friday,16/10/2020,All,All,All,$,132000000,35147000000
Exports,2015,17/10/2015,Saturday,17/10/2020,All,All,All,$,102000000,35249000000
Exports,2015,18/10/2015,Sunday,18/10/2020,All,All,All,$,109000000,35358000000
Exports,2015,19/10/2015,Monday,19/10/2020,All,All,All,$,172000000,35530000000
Exports,2015,20/10/2015,Tuesday,20/10/2020,All,All,All,$,101000000,35631000000
Exports,2015,21/10/2015,Wednesday,21/10/2020,All,All,All,$,74000000,35705000000
Exports,2015,22/10/2015,Thursday,22/10/2020,All,All,All,$,110000000,35815000000
Exports,2015,23/10/2015,Friday,23/10/2020,All,All,All,$,157000000,35972000000
Exports,2015,24/10/2015,Saturday,24/10/2020,All,All,All,$,190000000,36162000000
Exports,2015,25/10/2015,Sunday,25/10/2020,All,All,All,$,120000000,36282000000
Exports,2015,26/10/2015,Monday,26/10/2020,All,All,All,$,146000000,36427000000
Exports,2015,27/10/2015,Tuesday,27/10/2020,All,All,All,$,147000000,36574000000
Exports,2015,28/10/2015,Wednesday,28/10/2020,All,All,All,$,86000000,36661000000
Exports,2015,29/10/2015,Thursday,29/10/2020,All,All,All,$,138000000,36798000000
Exports,2015,30/10/2015,Friday,30/10/2020,All,All,All,$,149000000,36948000000
Exports,2015,31/10/2015,Saturday,31/10/2020,All,All,All,$,105000000,37053000000
Exports,2015,01/11/2015,Sunday,01/11/2020,All,All,All,$,89000000,37142000000
Exports,2015,02/11/2015,Monday,02/11/2020,All,All,All,$,153000000,37296000000
Exports,2015,03/11/2015,Tuesday,03/11/2020,All,All,All,$,77000000,37372000000
Exports,2015,04/11/2015,Wednesday,04/11/2020,All,All,All,$,69000000,37442000000
Exports,2015,05/11/2015,Thursday,05/11/2020,All,All,All,$,117000000,37559000000
Exports,2015,06/11/2015,Friday,06/11/2020,All,All,All,$,126000000,37684000000
Exports,2015,07/11/2015,Saturday,07/11/2020,All,All,All,$,232000000,37917000000
Exports,2015,08/11/2015,Sunday,08/11/2020,All,All,All,$,130000000,38046000000
Exports,2015,09/11/2015,Monday,09/11/2020,All,All,All,$,170000000,38217000000
Exports,2015,10/11/2015,Tuesday,10/11/2020,All,All,All,$,88000000,38304000000
Exports,2015,11/11/2015,Wednesday,11/11/2020,All,All,All,$,64000000,38369000000
Exports,2015,12/11/2015,Thursday,12/11/2020,All,All,All,$,100000000,38469000000
Exports,2015,13/11/2015,Friday,13/11/2020,All,All,All,$,152000000,38620000000
Exports,2015,14/11/2015,Saturday,14/11/2020,All,All,All,$,94000000,38714000000
Exports,2015,15/11/2015,Sunday,15/11/2020,All,All,All,$,105000000,38819000000
Exports,2015,16/11/2015,Monday,16/11/2020,All,All,All,$,193000000,39012000000
Exports,2015,17/11/2015,Tuesday,17/11/2020,All,All,All,$,95000000,39106000000
Exports,2015,18/11/2015,Wednesday,18/11/2020,All,All,All,$,54000000,39161000000
Exports,2015,19/11/2015,Thursday,19/11/2020,All,All,All,$,116000000,39277000000
Exports,2015,20/11/2015,Friday,20/11/2020,All,All,All,$,128000000,39405000000
Exports,2015,21/11/2015,Saturday,21/11/2020,All,All,All,$,227000000,39631000000
Exports,2015,22/11/2015,Sunday,22/11/2020,All,All,All,$,165000000,39797000000
Exports,2015,23/11/2015,Monday,23/11/2020,All,All,All,$,187000000,39984000000
Exports,2015,24/11/2015,Tuesday,24/11/2020,All,All,All,$,146000000,40130000000
Exports,2015,25/11/2015,Wednesday,25/11/2020,All,All,All,$,67000000,40197000000
Exports,2015,26/11/2015,Thursday,26/11/2020,All,All,All,$,124000000,40321000000
Exports,2015,27/11/2015,Friday,27/11/2020,All,All,All,$,170000000,40491000000
Exports,2015,28/11/2015,Saturday,28/11/2020,All,All,All,$,236000000,40727000000
Exports,2015,29/11/2015,Sunday,29/11/2020,All,All,All,$,152000000,40879000000
Exports,2015,30/11/2015,Monday,30/11/2020,All,All,All,$,248000000,41127000000
Exports,2015,01/12/2015,Tuesday,01/12/2020,All,All,All,$,104000000,41231000000
Exports,2015,02/12/2015,Wednesday,02/12/2020,All,All,All,$,63000000,41294000000
Exports,2016,30/01/2016,Saturday,01/02/2020,All,All,All,$,264000000,264000000
Exports,2016,31/01/2016,Sunday,02/02/2020,All,All,All,$,216000000,480000000
Exports,2016,01/02/2016,Monday,03/02/2020,All,All,All,$,218000000,698000000
Exports,2016,02/02/2016,Tuesday,04/02/2020,All,All,All,$,91000000,789000000
Exports,2016,03/02/2016,Wednesday,05/02/2020,All,All,All,$,94000000,883000000
Exports,2016,04/02/2016,Thursday,06/02/2020,All,All,All,$,112000000,996000000
Exports,2016,05/02/2016,Friday,07/02/2020,All,All,All,$,162000000,1157000000
Exports,2016,06/02/2016,Saturday,08/02/2020,All,All,All,$,114000000,1271000000
Exports,2016,07/02/2016,Sunday,09/02/2020,All,All,All,$,118000000,1389000000
Exports,2016,08/02/2016,Monday,10/02/2020,All,All,All,$,188000000,1577000000
Exports,2016,09/02/2016,Tuesday,11/02/2020,All,All,All,$,90000000,1668000000
Exports,2016,10/02/2016,Wednesday,12/02/2020,All,All,All,$,38000000,1706000000
Exports,2016,11/02/2016,Thursday,13/02/2020,All,All,All,$,124000000,1830000000
Exports,2016,12/02/2016,Friday,14/02/2020,All,All,All,$,171000000,2001000000
Exports,2016,13/02/2016,Saturday,15/02/2020,All,All,All,$,201000000,2202000000
Exports,2016,14/02/2016,Sunday,16/02/2020,All,All,All,$,144000000,2346000000
Exports,2016,15/02/2016,Monday,17/02/2020,All,All,All,$,213000000,2559000000
Exports,2016,16/02/2016,Tuesday,18/02/2020,All,All,All,$,73000000,2632000000
Exports,2016,17/02/2016,Wednesday,19/02/2020,All,All,All,$,75000000,2707000000
Exports,2016,18/02/2016,Thursday,20/02/2020,All,All,All,$,164000000,2871000000
Exports,2016,19/02/2016,Friday,21/02/2020,All,All,All,$,122000000,2993000000
Exports,2016,20/02/2016,Saturday,22/02/2020,All,All,All,$,367000000,3359000000
Exports,2016,21/02/2016,Sunday,23/02/2020,All,All,All,$,171000000,3531000000
Exports,2016,22/02/2016,Monday,24/02/2020,All,All,All,$,143000000,3674000000
Exports,2016,23/02/2016,Tuesday,25/02/2020,All,All,All,$,102000000,3776000000
Exports,2016,24/02/2016,Wednesday,26/02/2020,All,All,All,$,61000000,3836000000
Exports,2016,25/02/2016,Thursday,27/02/2020,All,All,All,$,122000000,3959000000
Exports,2016,26/02/2016,Friday,28/02/2020,All,All,All,$,163000000,4121000000
Exports,2016,27/02/2016,Saturday,29/02/2020,All,All,All,$,175000000,4296000000
Exports,2016,28/02/2016,Sunday,01/03/2020,All,All,All,$,184000000,4480000000
Exports,2016,29/02/2016,Monday,02/03/2020,All,All,All,$,237000000,4717000000
Exports,2016,01/03/2016,Tuesday,03/03/2020,All,All,All,$,118000000,4836000000
Exports,2016,02/03/2016,Wednesday,04/03/2020,All,All,All,$,89000000,4925000000
Exports,2016,03/03/2016,Thursday,05/03/2020,All,All,All,$,145000000,5070000000
Exports,2016,04/03/2016,Friday,06/03/2020,All,All,All,$,168000000,5237000000
Exports,2016,05/03/2016,Saturday,07/03/2020,All,All,All,$,109000000,5346000000
Exports,2016,06/03/2016,Sunday,08/03/2020,All,All,All,$,142000000,5487000000
Exports,2016,07/03/2016,Monday,09/03/2020,All,All,All,$,163000000,5650000000
Exports,2016,08/03/2016,Tuesday,10/03/2020,All,All,All,$,103000000,5753000000
Exports,2016,09/03/2016,Wednesday,11/03/2020,All,All,All,$,57000000,5810000000
Exports,2016,10/03/2016,Thursday,12/03/2020,All,All,All,$,163000000,5973000000
Exports,2016,11/03/2016,Friday,13/03/2020,All,All,All,$,122000000,6095000000
Exports,2016,12/03/2016,Saturday,14/03/2020,All,All,All,$,193000000,6288000000
Exports,2016,13/03/2016,Sunday,15/03/2020,All,All,All,$,186000000,6474000000
Exports,2016,14/03/2016,Monday,16/03/2020,All,All,All,$,160000000,6634000000
Exports,2016,15/03/2016,Tuesday,17/03/2020,All,All,All,$,107000000,6741000000
Exports,2016,16/03/2016,Wednesday,18/03/2020,All,All,All,$,81000000,6822000000
Exports,2016,17/03/2016,Thursday,19/03/2020,All,All,All,$,145000000,6966000000
Exports,2016,18/03/2016,Friday,20/03/2020,All,All,All,$,189000000,7155000000
Exports,2016,19/03/2016,Saturday,21/03/2020,All,All,All,$,98000000,7253000000
Exports,2016,20/03/2016,Sunday,22/03/2020,All,All,All,$,125000000,7378000000
Exports,2016,21/03/2016,Monday,23/03/2020,All,All,All,$,139000000,7517000000
Exports,2016,22/03/2016,Tuesday,24/03/2020,All,All,All,$,84000000,7601000000
Exports,2016,23/03/2016,Wednesday,25/03/2020,All,All,All,$,50000000,7651000000
Exports,2016,24/03/2016,Thursday,26/03/2020,All,All,All,$,204000000,7856000000
Exports,2016,25/03/2016,Friday,27/03/2020,All,All,All,$,135000000,7991000000
Exports,2016,26/03/2016,Saturday,28/03/2020,All,All,All,$,188000000,8179000000
Exports,2016,27/03/2016,Sunday,29/03/2020,All,All,All,$,149000000,8328000000
Exports,2016,28/03/2016,Monday,30/03/2020,All,All,All,$,157000000,8485000000
Exports,2016,29/03/2016,Tuesday,31/03/2020,All,All,All,$,101000000,8587000000
Exports,2016,30/03/2016,Wednesday,01/04/2020,All,All,All,$,82000000,8669000000
Exports,2016,31/03/2016,Thursday,02/04/2020,All,All,All,$,249000000,8918000000
Exports,2016,01/04/2016,Friday,03/04/2020,All,All,All,$,156000000,9074000000
Exports,2016,02/04/2016,Saturday,04/04/2020,All,All,All,$,75000000,9149000000
Exports,2016,03/04/2016,Sunday,05/04/2020,All,All,All,$,125000000,9274000000
Exports,2016,04/04/2016,Monday,06/04/2020,All,All,All,$,130000000,9404000000
Exports,2016,05/04/2016,Tuesday,07/04/2020,All,All,All,$,91000000,9495000000
Exports,2016,06/04/2016,Wednesday,08/04/2020,All,All,All,$,48000000,9543000000
Exports,2016,07/04/2016,Thursday,09/04/2020,All,All,All,$,158000000,9700000000
Exports,2016,08/04/2016,Friday,10/04/2020,All,All,All,$,118000000,9818000000
Exports,2016,09/04/2016,Saturday,11/04/2020,All,All,All,$,240000000,10058000000
Exports,2016,10/04/2016,Sunday,12/04/2020,All,All,All,$,209000000,10267000000
Exports,2016,11/04/2016,Monday,13/04/2020,All,All,All,$,151000000,10418000000
Exports,2016,12/04/2016,Tuesday,14/04/2020,All,All,All,$,92000000,10510000000
Exports,2016,13/04/2016,Wednesday,15/04/2020,All,All,All,$,98000000,10608000000
Exports,2016,14/04/2016,Thursday,16/04/2020,All,All,All,$,182000000,10789000000
Exports,2016,15/04/2016,Friday,17/04/2020,All,All,All,$,219000000,11009000000
Exports,2016,16/04/2016,Saturday,18/04/2020,All,All,All,$,108000000,11117000000
Exports,2016,17/04/2016,Sunday,19/04/2020,All,All,All,$,169000000,11286000000
Exports,2016,18/04/2016,Monday,20/04/2020,All,All,All,$,113000000,11399000000
Exports,2016,19/04/2016,Tuesday,21/04/2020,All,All,All,$,177000000,11576000000
Exports,2016,20/04/2016,Wednesday,22/04/2020,All,All,All,$,85000000,11661000000
Exports,2016,21/04/2016,Thursday,23/04/2020,All,All,All,$,139000000,11800000000
Exports,2016,22/04/2016,Friday,24/04/2020,All,All,All,$,145000000,11946000000
Exports,2016,23/04/2016,Saturday,25/04/2020,All,All,All,$,214000000,12159000000
Exports,2016,24/04/2016,Sunday,26/04/2020,All,All,All,$,168000000,12328000000
Exports,2016,25/04/2016,Monday,27/04/2020,All,All,All,$,179000000,12507000000
Exports,2016,26/04/2016,Tuesday,28/04/2020,All,All,All,$,126000000,12633000000
Exports,2016,27/04/2016,Wednesday,29/04/2020,All,All,All,$,92000000,12725000000
Exports,2016,28/04/2016,Thursday,30/04/2020,All,All,All,$,192000000,12917000000
Exports,2016,29/04/2016,Friday,01/05/2020,All,All,All,$,189000000,13106000000
Exports,2016,30/04/2016,Saturday,02/05/2020,All,All,All,$,139000000,13245000000
Exports,2016,01/05/2016,Sunday,03/05/2020,All,All,All,$,169000000,13414000000
Exports,2016,02/05/2016,Monday,04/05/2020,All,All,All,$,84000000,13498000000
Exports,2016,03/05/2016,Tuesday,05/05/2020,All,All,All,$,159000000,13658000000
Exports,2016,04/05/2016,Wednesday,06/05/2020,All,All,All,$,88000000,13745000000
Exports,2016,05/05/2016,Thursday,07/05/2020,All,All,All,$,182000000,13928000000
Exports,2016,06/05/2016,Friday,08/05/2020,All,All,All,$,177000000,14105000000
Exports,2016,07/05/2016,Saturday,09/05/2020,All,All,All,$,191000000,14296000000
Exports,2016,08/05/2016,Sunday,10/05/2020,All,All,All,$,201000000,14497000000
Exports,2016,09/05/2016,Monday,11/05/2020,All,All,All,$,148000000,14645000000
Exports,2016,10/05/2016,Tuesday,12/05/2020,All,All,All,$,126000000,14770000000
Exports,2016,11/05/2016,Wednesday,13/05/2020,All,All,All,$,114000000,14884000000
Exports,2016,12/05/2016,Thursday,14/05/2020,All,All,All,$,157000000,15041000000
Exports,2016,13/05/2016,Friday,15/05/2020,All,All,All,$,160000000,15201000000
Exports,2016,14/05/2016,Saturday,16/05/2020,All,All,All,$,102000000,15303000000
Exports,2016,15/05/2016,Sunday,17/05/2020,All,All,All,$,157000000,15461000000
Exports,2016,16/05/2016,Monday,18/05/2020,All,All,All,$,109000000,15570000000
Exports,2016,17/05/2016,Tuesday,19/05/2020,All,All,All,$,148000000,15719000000
Exports,2016,18/05/2016,Wednesday,20/05/2020,All,All,All,$,112000000,15831000000
Exports,2016,19/05/2016,Thursday,21/05/2020,All,All,All,$,143000000,15974000000
Exports,2016,20/05/2016,Friday,22/05/2020,All,All,All,$,180000000,16154000000
Exports,2016,21/05/2016,Saturday,23/05/2020,All,All,All,$,108000000,16262000000
Exports,2016,22/05/2016,Sunday,24/05/2020,All,All,All,$,279000000,16541000000
Exports,2016,23/05/2016,Monday,25/05/2020,All,All,All,$,134000000,16675000000
Exports,2016,24/05/2016,Tuesday,26/05/2020,All,All,All,$,107000000,16782000000
Exports,2016,25/05/2016,Wednesday,27/05/2020,All,All,All,$,135000000,16917000000
Exports,2016,26/05/2016,Thursday,28/05/2020,All,All,All,$,166000000,17083000000
Exports,2016,27/05/2016,Friday,29/05/2020,All,All,All,$,142000000,17224000000
Exports,2016,28/05/2016,Saturday,30/05/2020,All,All,All,$,119000000,17343000000
Exports,2016,29/05/2016,Sunday,31/05/2020,All,All,All,$,169000000,17512000000
Exports,2016,30/05/2016,Monday,01/06/2020,All,All,All,$,118000000,17630000000
Exports,2016,31/05/2016,Tuesday,02/06/2020,All,All,All,$,173000000,17803000000
Exports,2016,01/06/2016,Wednesday,03/06/2020,All,All,All,$,99000000,17902000000
Exports,2016,02/06/2016,Thursday,04/06/2020,All,All,All,$,209000000,18111000000
Exports,2016,03/06/2016,Friday,05/06/2020,All,All,All,$,179000000,18290000000
Exports,2016,04/06/2016,Saturday,06/06/2020,All,All,All,$,180000000,18470000000
Exports,2016,05/06/2016,Sunday,07/06/2020,All,All,All,$,221000000,18691000000
Exports,2016,06/06/2016,Monday,08/06/2020,All,All,All,$,120000000,18811000000
Exports,2016,07/06/2016,Tuesday,09/06/2020,All,All,All,$,107000000,18917000000
Exports,2016,08/06/2016,Wednesday,10/06/2020,All,All,All,$,65000000,18982000000
Exports,2016,09/06/2016,Thursday,11/06/2020,All,All,All,$,154000000,19136000000
Exports,2016,10/06/2016,Friday,12/06/2020,All,All,All,$,172000000,19308000000
Exports,2016,11/06/2016,Saturday,13/06/2020,All,All,All,$,124000000,19432000000
Exports,2016,12/06/2016,Sunday,14/06/2020,All,All,All,$,146000000,19578000000
Exports,2016,13/06/2016,Monday,15/06/2020,All,All,All,$,82000000,19660000000
Exports,2016,14/06/2016,Tuesday,16/06/2020,All,All,All,$,133000000,19793000000
Exports,2016,15/06/2016,Wednesday,17/06/2020,All,All,All,$,98000000,19891000000
Exports,2016,16/06/2016,Thursday,18/06/2020,All,All,All,$,179000000,20070000000
Exports,2016,17/06/2016,Friday,19/06/2020,All,All,All,$,130000000,20200000000
Exports,2016,18/06/2016,Saturday,20/06/2020,All,All,All,$,182000000,20382000000
Exports,2016,19/06/2016,Sunday,21/06/2020,All,All,All,$,181000000,20563000000
Exports,2016,20/06/2016,Monday,22/06/2020,All,All,All,$,147000000,20710000000
Exports,2016,21/06/2016,Tuesday,23/06/2020,All,All,All,$,122000000,20832000000
Exports,2016,22/06/2016,Wednesday,24/06/2020,All,All,All,$,73000000,20904000000
Exports,2016,23/06/2016,Thursday,25/06/2020,All,All,All,$,172000000,21077000000
Exports,2016,24/06/2016,Friday,26/06/2020,All,All,All,$,170000000,21246000000
Exports,2016,25/06/2016,Saturday,27/06/2020,All,All,All,$,99000000,21346000000
Exports,2016,26/06/2016,Sunday,28/06/2020,All,All,All,$,153000000,21499000000
Exports,2016,27/06/2016,Monday,29/06/2020,All,All,All,$,140000000,21639000000
Exports,2016,28/06/2016,Tuesday,30/06/2020,All,All,All,$,106000000,21745000000
Exports,2016,29/06/2016,Wednesday,01/07/2020,All,All,All,$,106000000,21851000000
Exports,2016,30/06/2016,Thursday,02/07/2020,All,All,All,$,194000000,22046000000
Exports,2016,01/07/2016,Friday,03/07/2020,All,All,All,$,135000000,22181000000
Exports,2016,02/07/2016,Saturday,04/07/2020,All,All,All,$,170000000,22351000000
Exports,2016,03/07/2016,Sunday,05/07/2020,All,All,All,$,147000000,22498000000
Exports,2016,04/07/2016,Monday,06/07/2020,All,All,All,$,147000000,22645000000
Exports,2016,05/07/2016,Tuesday,07/07/2020,All,All,All,$,156000000,22801000000
Exports,2016,06/07/2016,Wednesday,08/07/2020,All,All,All,$,71000000,22872000000
Exports,2016,07/07/2016,Thursday,09/07/2020,All,All,All,$,187000000,23058000000
Exports,2016,08/07/2016,Friday,10/07/2020,All,All,All,$,115000000,23173000000
Exports,2016,09/07/2016,Saturday,11/07/2020,All,All,All,$,110000000,23282000000
Exports,2016,10/07/2016,Sunday,12/07/2020,All,All,All,$,140000000,23422000000
Exports,2016,11/07/2016,Monday,13/07/2020,All,All,All,$,116000000,23538000000
Exports,2016,12/07/2016,Tuesday,14/07/2020,All,All,All,$,99000000,23637000000
Exports,2016,13/07/2016,Wednesday,15/07/2020,All,All,All,$,55000000,23691000000
Exports,2016,14/07/2016,Thursday,16/07/2020,All,All,All,$,164000000,23855000000
Exports,2016,15/07/2016,Friday,17/07/2020,All,All,All,$,115000000,23970000000
Exports,2016,16/07/2016,Saturday,18/07/2020,All,All,All,$,83000000,24053000000
Exports,2016,17/07/2016,Sunday,19/07/2020,All,All,All,$,146000000,24199000000
Exports,2016,18/07/2016,Monday,20/07/2020,All,All,All,$,117000000,24316000000
Exports,2016,19/07/2016,Tuesday,21/07/2020,All,All,All,$,88000000,24405000000
Exports,2016,20/07/2016,Wednesday,22/07/2020,All,All,All,$,104000000,24509000000
Exports,2016,21/07/2016,Thursday,23/07/2020,All,All,All,$,162000000,24670000000
Exports,2016,22/07/2016,Friday,24/07/2020,All,All,All,$,147000000,24817000000
Exports,2016,23/07/2016,Saturday,25/07/2020,All,All,All,$,101000000,24918000000
Exports,2016,24/07/2016,Sunday,26/07/2020,All,All,All,$,137000000,25055000000
Exports,2016,25/07/2016,Monday,27/07/2020,All,All,All,$,150000000,25205000000
Exports,2016,26/07/2016,Tuesday,28/07/2020,All,All,All,$,98000000,25304000000
Exports,2016,27/07/2016,Wednesday,29/07/2020,All,All,All,$,89000000,25393000000
Exports,2016,28/07/2016,Thursday,30/07/2020,All,All,All,$,173000000,25565000000
Exports,2016,29/07/2016,Friday,31/07/2020,All,All,All,$,156000000,25721000000
Exports,2016,30/07/2016,Saturday,01/08/2020,All,All,All,$,113000000,25834000000
Exports,2016,31/07/2016,Sunday,02/08/2020,All,All,All,$,177000000,26011000000
Exports,2016,01/08/2016,Monday,03/08/2020,All,All,All,$,134000000,26146000000
Exports,2016,02/08/2016,Tuesday,04/08/2020,All,All,All,$,110000000,26255000000
Exports,2016,03/08/2016,Wednesday,05/08/2020,All,All,All,$,94000000,26350000000
Exports,2016,04/08/2016,Thursday,06/08/2020,All,All,All,$,139000000,26488000000
Exports,2016,05/08/2016,Friday,07/08/2020,All,All,All,$,120000000,26608000000
Exports,2016,06/08/2016,Saturday,08/08/2020,All,All,All,$,72000000,26681000000
Exports,2016,07/08/2016,Sunday,09/08/2020,All,All,All,$,128000000,26809000000
Exports,2016,08/08/2016,Monday,10/08/2020,All,All,All,$,134000000,26943000000
Exports,2016,09/08/2016,Tuesday,11/08/2020,All,All,All,$,56000000,26999000000
Exports,2016,10/08/2016,Wednesday,12/08/2020,All,All,All,$,43000000,27042000000
Exports,2016,11/08/2016,Thursday,13/08/2020,All,All,All,$,145000000,27187000000
Exports,2016,12/08/2016,Friday,14/08/2020,All,All,All,$,103000000,27290000000
Exports,2016,13/08/2016,Saturday,15/08/2020,All,All,All,$,82000000,27373000000
Exports,2016,14/08/2016,Sunday,16/08/2020,All,All,All,$,134000000,27506000000
Exports,2016,15/08/2016,Monday,17/08/2020,All,All,All,$,116000000,27622000000
Exports,2016,16/08/2016,Tuesday,18/08/2020,All,All,All,$,74000000,27697000000
Exports,2016,17/08/2016,Wednesday,19/08/2020,All,All,All,$,79000000,27776000000
Exports,2016,18/08/2016,Thursday,20/08/2020,All,All,All,$,134000000,27910000000
Exports,2016,19/08/2016,Friday,21/08/2020,All,All,All,$,123000000,28034000000
Exports,2016,20/08/2016,Saturday,22/08/2020,All,All,All,$,103000000,28137000000
Exports,2016,21/08/2016,Sunday,23/08/2020,All,All,All,$,127000000,28263000000
Exports,2016,22/08/2016,Monday,24/08/2020,All,All,All,$,158000000,28421000000
Exports,2016,23/08/2016,Tuesday,25/08/2020,All,All,All,$,68000000,28489000000
Exports,2016,24/08/2016,Wednesday,26/08/2020,All,All,All,$,50000000,28540000000
Exports,2016,25/08/2016,Thursday,27/08/2020,All,All,All,$,118000000,28658000000
Exports,2016,26/08/2016,Friday,28/08/2020,All,All,All,$,122000000,28780000000
Exports,2016,27/08/2016,Saturday,29/08/2020,All,All,All,$,85000000,28865000000
Exports,2016,28/08/2016,Sunday,30/08/2020,All,All,All,$,143000000,29008000000
Exports,2016,29/08/2016,Monday,31/08/2020,All,All,All,$,150000000,29159000000
Exports,2016,30/08/2016,Tuesday,01/09/2020,All,All,All,$,118000000,29277000000
Exports,2016,31/08/2016,Wednesday,02/09/2020,All,All,All,$,117000000,29394000000
Exports,2016,01/09/2016,Thursday,03/09/2020,All,All,All,$,141000000,29535000000
Exports,2016,02/09/2016,Friday,04/09/2020,All,All,All,$,120000000,29655000000
Exports,2016,03/09/2016,Saturday,05/09/2020,All,All,All,$,58000000,29713000000
Exports,2016,04/09/2016,Sunday,06/09/2020,All,All,All,$,115000000,29828000000
Exports,2016,05/09/2016,Monday,07/09/2020,All,All,All,$,129000000,29957000000
Exports,2016,06/09/2016,Tuesday,08/09/2020,All,All,All,$,79000000,30036000000
Exports,2016,07/09/2016,Wednesday,09/09/2020,All,All,All,$,54000000,30090000000
Exports,2016,08/09/2016,Thursday,10/09/2020,All,All,All,$,98000000,30187000000
Exports,2016,09/09/2016,Friday,11/09/2020,All,All,All,$,144000000,30331000000
Exports,2016,10/09/2016,Saturday,12/09/2020,All,All,All,$,66000000,30397000000
Exports,2016,11/09/2016,Sunday,13/09/2020,All,All,All,$,127000000,30524000000
Exports,2016,12/09/2016,Monday,14/09/2020,All,All,All,$,160000000,30684000000
Exports,2016,13/09/2016,Tuesday,15/09/2020,All,All,All,$,115000000,30799000000
Exports,2016,14/09/2016,Wednesday,16/09/2020,All,All,All,$,76000000,30874000000
Exports,2016,15/09/2016,Thursday,17/09/2020,All,All,All,$,144000000,31018000000
Exports,2016,16/09/2016,Friday,18/09/2020,All,All,All,$,92000000,31110000000
Exports,2016,17/09/2016,Saturday,19/09/2020,All,All,All,$,99000000,31210000000
Exports,2016,18/09/2016,Sunday,20/09/2020,All,All,All,$,181000000,31390000000
Exports,2016,19/09/2016,Monday,21/09/2020,All,All,All,$,144000000,31534000000
Exports,2016,20/09/2016,Tuesday,22/09/2020,All,All,All,$,110000000,31644000000
Exports,2016,21/09/2016,Wednesday,23/09/2020,All,All,All,$,68000000,31712000000
Exports,2016,22/09/2016,Thursday,24/09/2020,All,All,All,$,127000000,31839000000
Exports,2016,23/09/2016,Friday,25/09/2020,All,All,All,$,133000000,31972000000
Exports,2016,24/09/2016,Saturday,26/09/2020,All,All,All,$,101000000,32074000000
Exports,2016,25/09/2016,Sunday,27/09/2020,All,All,All,$,125000000,32199000000
Exports,2016,26/09/2016,Monday,28/09/2020,All,All,All,$,160000000,32359000000
Exports,2016,27/09/2016,Tuesday,29/09/2020,All,All,All,$,107000000,32465000000
Exports,2016,28/09/2016,Wednesday,30/09/2020,All,All,All,$,66000000,32531000000
Exports,2016,29/09/2016,Thursday,01/10/2020,All,All,All,$,147000000,32679000000
Exports,2016,30/09/2016,Friday,02/10/2020,All,All,All,$,181000000,32860000000
Exports,2016,01/10/2016,Saturday,03/10/2020,All,All,All,$,107000000,32967000000
Exports,2016,02/10/2016,Sunday,04/10/2020,All,All,All,$,112000000,33079000000
Exports,2016,03/10/2016,Monday,05/10/2020,All,All,All,$,155000000,33234000000
Exports,2016,04/10/2016,Tuesday,06/10/2020,All,All,All,$,78000000,33313000000
Exports,2016,05/10/2016,Wednesday,07/10/2020,All,All,All,$,87000000,33400000000
Exports,2016,06/10/2016,Thursday,08/10/2020,All,All,All,$,129000000,33529000000
Exports,2016,07/10/2016,Friday,09/10/2020,All,All,All,$,120000000,33649000000
Exports,2016,08/10/2016,Saturday,10/10/2020,All,All,All,$,104000000,33754000000
Exports,2016,09/10/2016,Sunday,11/10/2020,All,All,All,$,140000000,33894000000
Exports,2016,10/10/2016,Monday,12/10/2020,All,All,All,$,174000000,34067000000
Exports,2016,11/10/2016,Tuesday,13/10/2020,All,All,All,$,104000000,34172000000
Exports,2016,12/10/2016,Wednesday,14/10/2020,All,All,All,$,69000000,34240000000
Exports,2016,13/10/2016,Thursday,15/10/2020,All,All,All,$,120000000,34361000000
Exports,2016,14/10/2016,Friday,16/10/2020,All,All,All,$,125000000,34486000000
Exports,2016,15/10/2016,Saturday,17/10/2020,All,All,All,$,204000000,34690000000
Exports,2016,16/10/2016,Sunday,18/10/2020,All,All,All,$,121000000,34812000000
Exports,2016,17/10/2016,Monday,19/10/2020,All,All,All,$,168000000,34979000000
Exports,2016,18/10/2016,Tuesday,20/10/2020,All,All,All,$,91000000,35071000000
Exports,2016,19/10/2016,Wednesday,21/10/2020,All,All,All,$,38000000,35109000000
Exports,2016,20/10/2016,Thursday,22/10/2020,All,All,All,$,103000000,35212000000
Exports,2016,21/10/2016,Friday,23/10/2020,All,All,All,$,134000000,35345000000
Exports,2016,22/10/2016,Saturday,24/10/2020,All,All,All,$,123000000,35468000000
Exports,2016,23/10/2016,Sunday,25/10/2020,All,All,All,$,133000000,35601000000
Exports,2016,24/10/2016,Monday,26/10/2020,All,All,All,$,186000000,35788000000
Exports,2016,25/10/2016,Tuesday,27/10/2020,All,All,All,$,89000000,35877000000
Exports,2016,26/10/2016,Wednesday,28/10/2020,All,All,All,$,129000000,36006000000
Exports,2016,27/10/2016,Thursday,29/10/2020,All,All,All,$,86000000,36092000000
Exports,2016,28/10/2016,Friday,30/10/2020,All,All,All,$,184000000,36276000000
Exports,2016,29/10/2016,Saturday,31/10/2020,All,All,All,$,150000000,36426000000
Exports,2016,30/10/2016,Sunday,01/11/2020,All,All,All,$,142000000,36568000000
Exports,2016,31/10/2016,Monday,02/11/2020,All,All,All,$,217000000,36785000000
Exports,2016,01/11/2016,Tuesday,03/11/2020,All,All,All,$,98000000,36883000000
Exports,2016,02/11/2016,Wednesday,04/11/2020,All,All,All,$,75000000,36958000000
Exports,2016,03/11/2016,Thursday,05/11/2020,All,All,All,$,127000000,37085000000
Exports,2016,04/11/2016,Friday,06/11/2020,All,All,All,$,139000000,37224000000
Exports,2016,05/11/2016,Saturday,07/11/2020,All,All,All,$,117000000,37341000000
Exports,2016,06/11/2016,Sunday,08/11/2020,All,All,All,$,123000000,37464000000
Exports,2016,07/11/2016,Monday,09/11/2020,All,All,All,$,169000000,37633000000
Exports,2016,08/11/2016,Tuesday,10/11/2020,All,All,All,$,115000000,37747000000
Exports,2016,09/11/2016,Wednesday,11/11/2020,All,All,All,$,54000000,37801000000
Exports,2016,10/11/2016,Thursday,12/11/2020,All,All,All,$,97000000,37899000000
Exports,2016,11/11/2016,Friday,13/11/2020,All,All,All,$,101000000,38000000000
Exports,2016,12/11/2016,Saturday,14/11/2020,All,All,All,$,119000000,38119000000
Exports,2016,13/11/2016,Sunday,15/11/2020,All,All,All,$,133000000,38252000000
Exports,2016,14/11/2016,Monday,16/11/2020,All,All,All,$,158000000,38410000000
Exports,2016,15/11/2016,Tuesday,17/11/2020,All,All,All,$,111000000,38521000000
Exports,2016,16/11/2016,Wednesday,18/11/2020,All,All,All,$,156000000,38678000000
Exports,2016,17/11/2016,Thursday,19/11/2020,All,All,All,$,97000000,38775000000
Exports,2016,18/11/2016,Friday,20/11/2020,All,All,All,$,109000000,38884000000
Exports,2016,19/11/2016,Saturday,21/11/2020,All,All,All,$,146000000,39030000000
Exports,2016,20/11/2016,Sunday,22/11/2020,All,All,All,$,157000000,39188000000
Exports,2016,21/11/2016,Monday,23/11/2020,All,All,All,$,186000000,39373000000
Exports,2016,22/11/2016,Tuesday,24/11/2020,All,All,All,$,102000000,39475000000
Exports,2016,23/11/2016,Wednesday,25/11/2020,All,All,All,$,123000000,39598000000
Exports,2016,24/11/2016,Thursday,26/11/2020,All,All,All,$,127000000,39725000000
Exports,2016,25/11/2016,Friday,27/11/2020,All,All,All,$,132000000,39857000000
Exports,2016,26/11/2016,Saturday,28/11/2020,All,All,All,$,199000000,40056000000
Exports,2016,27/11/2016,Sunday,29/11/2020,All,All,All,$,122000000,40178000000
Exports,2016,28/11/2016,Monday,30/11/2020,All,All,All,$,179000000,40357000000
Exports,2016,29/11/2016,Tuesday,01/12/2020,All,All,All,$,122000000,40478000000
Exports,2016,30/11/2016,Wednesday,02/12/2020,All,All,All,$,179000000,40657000000
Exports,2017,04/02/2017,Saturday,01/02/2020,All,All,All,$,167000000,167000000
Exports,2017,05/02/2017,Sunday,02/02/2020,All,All,All,$,147000000,314000000
Exports,2017,06/02/2017,Monday,03/02/2020,All,All,All,$,202000000,516000000
Exports,2017,07/02/2017,Tuesday,04/02/2020,All,All,All,$,74000000,590000000
Exports,2017,08/02/2017,Wednesday,05/02/2020,All,All,All,$,147000000,737000000
Exports,2017,09/02/2017,Thursday,06/02/2020,All,All,All,$,112000000,849000000
Exports,2017,10/02/2017,Friday,07/02/2020,All,All,All,$,108000000,957000000
Exports,2017,11/02/2017,Saturday,08/02/2020,All,All,All,$,148000000,1105000000
Exports,2017,12/02/2017,Sunday,09/02/2020,All,All,All,$,166000000,1271000000
Exports,2017,13/02/2017,Monday,10/02/2020,All,All,All,$,188000000,1459000000
Exports,2017,14/02/2017,Tuesday,11/02/2020,All,All,All,$,62000000,1521000000
Exports,2017,15/02/2017,Wednesday,12/02/2020,All,All,All,$,149000000,1670000000
Exports,2017,16/02/2017,Thursday,13/02/2020,All,All,All,$,137000000,1807000000
Exports,2017,17/02/2017,Friday,14/02/2020,All,All,All,$,150000000,1957000000
Exports,2017,18/02/2017,Saturday,15/02/2020,All,All,All,$,129000000,2086000000
Exports,2017,19/02/2017,Sunday,16/02/2020,All,All,All,$,173000000,2259000000
Exports,2017,20/02/2017,Monday,17/02/2020,All,All,All,$,251000000,2510000000
Exports,2017,21/02/2017,Tuesday,18/02/2020,All,All,All,$,85000000,2595000000
Exports,2017,22/02/2017,Wednesday,19/02/2020,All,All,All,$,128000000,2724000000
Exports,2017,23/02/2017,Thursday,20/02/2020,All,All,All,$,109000000,2832000000
Exports,2017,24/02/2017,Friday,21/02/2020,All,All,All,$,129000000,2962000000
Exports,2017,25/02/2017,Saturday,22/02/2020,All,All,All,$,140000000,3102000000
Exports,2017,26/02/2017,Sunday,23/02/2020,All,All,All,$,166000000,3268000000
Exports,2017,27/02/2017,Monday,24/02/2020,All,All,All,$,229000000,3497000000
Exports,2017,28/02/2017,Tuesday,25/02/2020,All,All,All,$,140000000,3637000000
Exports,2017,01/03/2017,Wednesday,26/02/2020,All,All,All,$,127000000,3765000000
Exports,2017,02/03/2017,Thursday,27/02/2020,All,All,All,$,128000000,3892000000
Exports,2017,03/03/2017,Friday,28/02/2020,All,All,All,$,158000000,4051000000
Exports,2017,04/03/2017,Saturday,29/02/2020,All,All,All,$,125000000,4176000000
Exports,2017,05/03/2017,Sunday,01/03/2020,All,All,All,$,169000000,4345000000
Exports,2017,06/03/2017,Monday,02/03/2020,All,All,All,$,222000000,4567000000
Exports,2017,07/03/2017,Tuesday,03/03/2020,All,All,All,$,67000000,4634000000
Exports,2017,08/03/2017,Wednesday,04/03/2020,All,All,All,$,124000000,4758000000
Exports,2017,09/03/2017,Thursday,05/03/2020,All,All,All,$,100000000,4858000000
Exports,2017,10/03/2017,Friday,06/03/2020,All,All,All,$,137000000,4995000000
Exports,2017,11/03/2017,Saturday,07/03/2020,All,All,All,$,136000000,5131000000
Exports,2017,12/03/2017,Sunday,08/03/2020,All,All,All,$,162000000,5293000000
Exports,2017,13/03/2017,Monday,09/03/2020,All,All,All,$,209000000,5502000000
Exports,2017,14/03/2017,Tuesday,10/03/2020,All,All,All,$,90000000,5592000000
Exports,2017,15/03/2017,Wednesday,11/03/2020,All,All,All,$,241000000,5833000000
Exports,2017,16/03/2017,Thursday,12/03/2020,All,All,All,$,135000000,5968000000
Exports,2017,17/03/2017,Friday,13/03/2020,All,All,All,$,136000000,6104000000
Exports,2017,18/03/2017,Saturday,14/03/2020,All,All,All,$,131000000,6236000000
Exports,2017,19/03/2017,Sunday,15/03/2020,All,All,All,$,148000000,6383000000
Exports,2017,20/03/2017,Monday,16/03/2020,All,All,All,$,185000000,6568000000
Exports,2017,21/03/2017,Tuesday,17/03/2020,All,All,All,$,82000000,6650000000
Exports,2017,22/03/2017,Wednesday,18/03/2020,All,All,All,$,105000000,6755000000
Exports,2017,23/03/2017,Thursday,19/03/2020,All,All,All,$,107000000,6863000000
Exports,2017,24/03/2017,Friday,20/03/2020,All,All,All,$,164000000,7027000000
Exports,2017,25/03/2017,Saturday,21/03/2020,All,All,All,$,168000000,7195000000
Exports,2017,26/03/2017,Sunday,22/03/2020,All,All,All,$,206000000,7401000000
Exports,2017,27/03/2017,Monday,23/03/2020,All,All,All,$,250000000,7651000000
Exports,2017,28/03/2017,Tuesday,24/03/2020,All,All,All,$,115000000,7767000000
Exports,2017,29/03/2017,Wednesday,25/03/2020,All,All,All,$,132000000,7899000000
Exports,2017,30/03/2017,Thursday,26/03/2020,All,All,All,$,153000000,8052000000
Exports,2017,31/03/2017,Friday,27/03/2020,All,All,All,$,175000000,8227000000
Exports,2017,01/04/2017,Saturday,28/03/2020,All,All,All,$,154000000,8381000000
Exports,2017,02/04/2017,Sunday,29/03/2020,All,All,All,$,170000000,8550000000
Exports,2017,03/04/2017,Monday,30/03/2020,All,All,All,$,225000000,8775000000
Exports,2017,04/04/2017,Tuesday,31/03/2020,All,All,All,$,91000000,8867000000
Exports,2017,05/04/2017,Wednesday,01/04/2020,All,All,All,$,107000000,8974000000
Exports,2017,06/04/2017,Thursday,02/04/2020,All,All,All,$,180000000,9154000000
Exports,2017,07/04/2017,Friday,03/04/2020,All,All,All,$,144000000,9298000000
Exports,2017,08/04/2017,Saturday,04/04/2020,All,All,All,$,195000000,9493000000
Exports,2017,09/04/2017,Sunday,05/04/2020,All,All,All,$,184000000,9677000000
Exports,2017,10/04/2017,Monday,06/04/2020,All,All,All,$,246000000,9923000000
Exports,2017,11/04/2017,Tuesday,07/04/2020,All,All,All,$,95000000,10018000000
Exports,2017,12/04/2017,Wednesday,08/04/2020,All,All,All,$,95000000,10114000000
Exports,2017,13/04/2017,Thursday,09/04/2020,All,All,All,$,151000000,10265000000
Exports,2017,14/04/2017,Friday,10/04/2020,All,All,All,$,155000000,10420000000
Exports,2017,15/04/2017,Saturday,11/04/2020,All,All,All,$,170000000,10590000000
Exports,2017,16/04/2017,Sunday,12/04/2020,All,All,All,$,161000000,10751000000
Exports,2017,17/04/2017,Monday,13/04/2020,All,All,All,$,213000000,10964000000
Exports,2017,18/04/2017,Tuesday,14/04/2020,All,All,All,$,87000000,11051000000
Exports,2017,19/04/2017,Wednesday,15/04/2020,All,All,All,$,99000000,11150000000
Exports,2017,20/04/2017,Thursday,16/04/2020,All,All,All,$,130000000,11280000000
Exports,2017,21/04/2017,Friday,17/04/2020,All,All,All,$,118000000,11397000000
Exports,2017,22/04/2017,Saturday,18/04/2020,All,All,All,$,125000000,11522000000
Exports,2017,23/04/2017,Sunday,19/04/2020,All,All,All,$,218000000,11739000000
Exports,2017,24/04/2017,Monday,20/04/2020,All,All,All,$,234000000,11973000000
Exports,2017,25/04/2017,Tuesday,21/04/2020,All,All,All,$,157000000,12131000000
Exports,2017,26/04/2017,Wednesday,22/04/2020,All,All,All,$,81000000,12212000000
Exports,2017,27/04/2017,Thursday,23/04/2020,All,All,All,$,197000000,12408000000
Exports,2017,28/04/2017,Friday,24/04/2020,All,All,All,$,211000000,12620000000
Exports,2017,29/04/2017,Saturday,25/04/2020,All,All,All,$,146000000,12766000000
Exports,2017,30/04/2017,Sunday,26/04/2020,All,All,All,$,171000000,12936000000
Exports,2017,01/05/2017,Monday,27/04/2020,All,All,All,$,199000000,13135000000
Exports,2017,02/05/2017,Tuesday,28/04/2020,All,All,All,$,115000000,13250000000
Exports,2017,03/05/2017,Wednesday,29/04/2020,All,All,All,$,134000000,13384000000
Exports,2017,04/05/2017,Thursday,30/04/2020,All,All,All,$,151000000,13536000000
Exports,2017,05/05/2017,Friday,01/05/2020,All,All,All,$,156000000,13692000000
Exports,2017,06/05/2017,Saturday,02/05/2020,All,All,All,$,157000000,13849000000
Exports,2017,07/05/2017,Sunday,03/05/2020,All,All,All,$,179000000,14027000000
Exports,2017,08/05/2017,Monday,04/05/2020,All,All,All,$,190000000,14218000000
Exports,2017,09/05/2017,Tuesday,05/05/2020,All,All,All,$,109000000,14327000000
Exports,2017,10/05/2017,Wednesday,06/05/2020,All,All,All,$,151000000,14478000000
Exports,2017,11/05/2017,Thursday,07/05/2020,All,All,All,$,134000000,14612000000
Exports,2017,12/05/2017,Friday,08/05/2020,All,All,All,$,167000000,14779000000
Exports,2017,13/05/2017,Saturday,09/05/2020,All,All,All,$,163000000,14941000000
Exports,2017,14/05/2017,Sunday,10/05/2020,All,All,All,$,162000000,15104000000
Exports,2017,15/05/2017,Monday,11/05/2020,All,All,All,$,218000000,15322000000
Exports,2017,16/05/2017,Tuesday,12/05/2020,All,All,All,$,126000000,15448000000
Exports,2017,17/05/2017,Wednesday,13/05/2020,All,All,All,$,112000000,15560000000
Exports,2017,18/05/2017,Thursday,14/05/2020,All,All,All,$,185000000,15745000000
Exports,2017,19/05/2017,Friday,15/05/2020,All,All,All,$,164000000,15909000000
Exports,2017,20/05/2017,Saturday,16/05/2020,All,All,All,$,145000000,16054000000
Exports,2017,21/05/2017,Sunday,17/05/2020,All,All,All,$,212000000,16266000000
Exports,2017,22/05/2017,Monday,18/05/2020,All,All,All,$,189000000,16455000000
Exports,2017,23/05/2017,Tuesday,19/05/2020,All,All,All,$,96000000,16551000000
Exports,2017,24/05/2017,Wednesday,20/05/2020,All,All,All,$,177000000,16728000000
Exports,2017,25/05/2017,Thursday,21/05/2020,All,All,All,$,146000000,16874000000
Exports,2017,26/05/2017,Friday,22/05/2020,All,All,All,$,179000000,17053000000
Exports,2017,27/05/2017,Saturday,23/05/2020,All,All,All,$,153000000,17206000000
